filename,original_pdf,pages,size_chars,type,preview
c8b055037a75855740bd874d6cdae4bf.txt,c8b055037a75855740bd874d6cdae4bf.pdf,24,58949,конкурсная_документация,=== Страница 1 ===
c50dea3311d9c12cf6e941d47f574300.txt,c50dea3311d9c12cf6e941d47f574300.pdf,30,74226,конкурсная_документация,=== Страница 1 ===
4036f80c1d4b6b58b768c652b52c48a4.txt,4036f80c1d4b6b58b768c652b52c48a4.pdf,24,54728,конкурсная_документация,=== Страница 1 ===
e3bd064cd9d3f4654afd726975ef863d.txt,e3bd064cd9d3f4654afd726975ef863d.pdf,2,5108,прочий_документ,=== Страница 1 ===
eea9c3da1651473f6420610083b5e87b.txt,eea9c3da1651473f6420610083b5e87b.pdf,6,10653,конкурсная_документация,=== Страница 1 ===
42pf0othhtxcdx55sys1ssdgm4b9xkg6.txt,42pf0othhtxcdx55sys1ssdgm4b9xkg6.pdf,48,103975,конкурсная_документация,=== Страница 1 ===
3e3e013b4af4cf934a7ae156eb1bad38.txt,3e3e013b4af4cf934a7ae156eb1bad38.pdf,25,65949,конкурсная_документация,=== Страница 1 ===
ymzx0ixc7z7nyo6td4xqosl86z1911x8.txt,ymzx0ixc7z7nyo6td4xqosl86z1911x8.pdf,82,229210,конкурсная_документация,=== Страница 1 ===
oov2pq6b0p6rclty37g2la29ya1nj8l1.txt,oov2pq6b0p6rclty37g2la29ya1nj8l1.pdf,41,97916,конкурсная_документация,=== Страница 1 ===
nuy62atc6kd1jo7vq4evll6kg8nf3azi.txt,nuy62atc6kd1jo7vq4evll6kg8nf3azi.pdf,119,264341,конкурсная_документация,=== Страница 1 ===
6pji1bug00a4yswyumljxnl987exe6jj.txt,6pji1bug00a4yswyumljxnl987exe6jj.pdf,31,89309,конкурсная_документация,=== Страница 1 ===
c2vsjojt4g34qabjkbm94k1vbll3ltim.txt,c2vsjojt4g34qabjkbm94k1vbll3ltim.pdf,16,40663,конкурсная_документация,=== Страница 1 ===
8jz3pveai5lv821soc1jv37akidtctgt.txt,8jz3pveai5lv821soc1jv37akidtctgt.pdf,22,66972,конкурсная_документация,=== Страница 1 ===
dc884aa36e96733f91d69849a81a6d08.txt,dc884aa36e96733f91d69849a81a6d08.pdf,27,65874,конкурсная_документация,=== Страница 1 ===
68krqsbsc6z10a9b7s9dqoo0ckw3ek80.txt,68krqsbsc6z10a9b7s9dqoo0ckw3ek80.pdf,32,96935,конкурсная_документация,=== Страница 1 ===
4rjwii6j8a205v0646hjgvpbpyofkmv5.txt,4rjwii6j8a205v0646hjgvpbpyofkmv5.pdf,60,166635,конкурсная_документация,=== Страница 1 ===
eqhvqa160x7gts69y52nzqyyhdl2x79g.txt,eqhvqa160x7gts69y52nzqyyhdl2x79g.pdf,31,94166,конкурсная_документация,=== Страница 1 ===
fb66cb01477a968bfe786611fb0eea9b.txt,fb66cb01477a968bfe786611fb0eea9b.pdf,17,47451,конкурсная_документация,=== Страница 1 ===
sums507vwlas848rcas9hmmiijam2xz8.txt,sums507vwlas848rcas9hmmiijam2xz8.pdf,28,79523,конкурсная_документация,=== Страница 1 ===
ub1gppu2nm1fo7gobvybyc7z93c8krwd.txt,ub1gppu2nm1fo7gobvybyc7z93c8krwd.pdf,38,101238,конкурсная_документация,=== Страница 1 ===
l7uug8mivzs8jd74odc1w7zxlkiavn3y.txt,l7uug8mivzs8jd74odc1w7zxlkiavn3y.pdf,44,88317,конкурсная_документация,=== Страница 1 ===
47a0c878c74db697490256c5059fe642.txt,47a0c878c74db697490256c5059fe642.pdf,23,67936,конкурсная_документация,=== Страница 1 ===
e92e66db7d92d1b51d072315814a59e0.txt,e92e66db7d92d1b51d072315814a59e0.pdf,29,80113,конкурсная_документация,=== Страница 1 ===
b91df6f6a3ef4b12b23e47ee1b7d230f.txt,b91df6f6a3ef4b12b23e47ee1b7d230f.pdf,21,54392,конкурсная_документация,=== Страница 1 ===
acbqsmh1qfztksqw8p3wpsjja76a0u78.txt,acbqsmh1qfztksqw8p3wpsjja76a0u78.pdf,22,66430,конкурсная_документация,=== Страница 1 ===
x6dgwgnix6a81ge71mvhcrbce2uq7122.txt,x6dgwgnix6a81ge71mvhcrbce2uq7122.pdf,98,252287,конкурсная_документация,=== Страница 1 ===
47be06c15e1a2fcd25f09ba8be08c9b6.txt,47be06c15e1a2fcd25f09ba8be08c9b6.pdf,18,52623,конкурсная_документация,=== Страница 1 ===
32dc02568d9fde1c26d068058afeb03b.txt,32dc02568d9fde1c26d068058afeb03b.pdf,27,65898,конкурсная_документация,=== Страница 1 ===
kzccmho15x35bmwd2lp7bifbnuul60pt.txt,kzccmho15x35bmwd2lp7bifbnuul60pt.pdf,151,384070,конкурсная_документация,=== Страница 1 ===
c96024dd4490934cd1a5eb1c37440f53.txt,c96024dd4490934cd1a5eb1c37440f53.pdf,17,42950,конкурсная_документация,=== Страница 1 ===
l0x4vzpx0oznw48xdvlgzaxw86mqy69y.txt,l0x4vzpx0oznw48xdvlgzaxw86mqy69y.pdf,26,57436,конкурсная_документация,=== Страница 1 ===
5c1mxc7zk2vex514gqrt9c9trpp6x3ut.txt,5c1mxc7zk2vex514gqrt9c9trpp6x3ut.pdf,2,4170,конкурсная_документация,=== Страница 1 ===
22nssvm5rk9x2ss9h33xq5h9ckbae1gd.txt,22nssvm5rk9x2ss9h33xq5h9ckbae1gd.pdf,77,170150,конкурсная_документация,=== Страница 1 ===
vf9mqesu2kl4nkdl5b538fmsshhzs2ei.txt,vf9mqesu2kl4nkdl5b538fmsshhzs2ei.pdf,39,91896,конкурсная_документация,=== Страница 1 ===
4620ae1d21b3892cc231e62f5f993df9.txt,4620ae1d21b3892cc231e62f5f993df9.pdf,21,58651,конкурсная_документация,=== Страница 1 ===
7sa3klisxj5r2obg1zxz8dnfks1xi0wh.txt,7sa3klisxj5r2obg1zxz8dnfks1xi0wh.pdf,1,2752,конкурсная_документация,=== Страница 1 ===
ylpw0mu7waua7tv0pw0bedvgaimxeouh.txt,ylpw0mu7waua7tv0pw0bedvgaimxeouh.pdf,35,86536,конкурсная_документация,=== Страница 1 ===
r9o5iedy2jrvaawixtm9hpk401w5g47d.txt,r9o5iedy2jrvaawixtm9hpk401w5g47d.pdf,30,89032,конкурсная_документация,=== Страница 1 ===
illa75cqelwc7c806len9l88fuaslmk8.txt,illa75cqelwc7c806len9l88fuaslmk8.pdf,32,101486,конкурсная_документация,=== Страница 1 ===
6jygrfg9lpllhwkdxmir0w5ivq7a5ff1.txt,6jygrfg9lpllhwkdxmir0w5ivq7a5ff1.pdf,67,142649,конкурсная_документация,=== Страница 1 ===
vgpjcyl3bhohvz8sv237naq6xbiu0ugl.txt,vgpjcyl3bhohvz8sv237naq6xbiu0ugl.pdf,27,86492,конкурсная_документация,=== Страница 1 ===
tra3kir641hcejxyd29324gqx5gdqti0.txt,tra3kir641hcejxyd29324gqx5gdqti0.pdf,30,91082,конкурсная_документация,=== Страница 1 ===
216e9fc932f0a2027c207d9b1bb2e0cd.txt,216e9fc932f0a2027c207d9b1bb2e0cd.pdf,28,73735,конкурсная_документация,=== Страница 1 ===
5487d8240beaf469a1a10ee370749263.txt,5487d8240beaf469a1a10ee370749263.pdf,27,65840,конкурсная_документация,=== Страница 1 ===
swjnir9vcl3co1kz366qo9fwq60i2i8j.txt,swjnir9vcl3co1kz366qo9fwq60i2i8j.pdf,77,192833,конкурсная_документация,=== Страница 1 ===
23d273ebxo6vq5t3g7il5d3s3fw0372a.txt,23d273ebxo6vq5t3g7il5d3s3fw0372a.pdf,60,173211,конкурсная_документация,=== Страница 1 ===
433chs9txa63lt8pwanq2xqm17gewuxb.txt,433chs9txa63lt8pwanq2xqm17gewuxb.pdf,25,75436,конкурсная_документация,=== Страница 1 ===
jgkcwjph1cuw3wrtsqr4f8804yavy35j.txt,jgkcwjph1cuw3wrtsqr4f8804yavy35j.pdf,34,88520,конкурсная_документация,=== Страница 1 ===
f498535c1bca6531d4a7909b1cd79f04.txt,f498535c1bca6531d4a7909b1cd79f04.pdf,29,67690,конкурсная_документация,=== Страница 1 ===
ou28kf6wtgcbknsf4j4f95zgdy6aj0xc.txt,ou28kf6wtgcbknsf4j4f95zgdy6aj0xc.pdf,24,72282,конкурсная_документация,=== Страница 1 ===
4131a1b4744ce7b610f11fa245d5a9c6.txt,4131a1b4744ce7b610f11fa245d5a9c6.pdf,25,64020,конкурсная_документация,=== Страница 1 ===
e341c346955f24a09fba0a84d37a870a.txt,e341c346955f24a09fba0a84d37a870a.pdf,29,72853,конкурсная_документация,=== Страница 1 ===
a60d5fb59e0bbe7ad38e41f23e60af52.txt,a60d5fb59e0bbe7ad38e41f23e60af52.pdf,29,66532,конкурсная_документация,=== Страница 1 ===
d1202007ecae1487e0fd1e73a0494f4f.txt,d1202007ecae1487e0fd1e73a0494f4f.pdf,16,37048,конкурсная_документация,=== Страница 1 ===
4jlo83tclgzspq99x5ut2bdir80yp97j.txt,4jlo83tclgzspq99x5ut2bdir80yp97j.pdf,28,87383,конкурсная_документация,=== Страница 1 ===
bc2649488af14d95fdb1e1772ae2fd0d.txt,bc2649488af14d95fdb1e1772ae2fd0d.pdf,20,49948,конкурсная_документация,=== Страница 1 ===
82174ac3fa46f97441160bfa3b5fef76.txt,82174ac3fa46f97441160bfa3b5fef76.pdf,18,50739,конкурсная_документация,=== Страница 1 ===
w26prkah047dtzobbsknm0o2wuwu1c06.txt,w26prkah047dtzobbsknm0o2wuwu1c06.pdf,28,56615,конкурсная_документация,=== Страница 1 ===
eovxnpligt0o64zngckgf835n62ty92t.txt,eovxnpligt0o64zngckgf835n62ty92t.pdf,29,89170,конкурсная_документация,=== Страница 1 ===
61b5dc5acabccf2ff2f22e11ff1f98cc.txt,61b5dc5acabccf2ff2f22e11ff1f98cc.pdf,20,47825,конкурсная_документация,=== Страница 1 ===
13dkhp9ggeccv3c8yziybanwooyq4n69.txt,13dkhp9ggeccv3c8yziybanwooyq4n69.pdf,51,148079,конкурсная_документация,=== Страница 1 ===
ad7bdd984897ce3e5f916edc22a545d5.txt,ad7bdd984897ce3e5f916edc22a545d5.pdf,28,66911,конкурсная_документация,=== Страница 1 ===
63dfd482f5b21ec94d3b6c8b5e49dbba.txt,63dfd482f5b21ec94d3b6c8b5e49dbba.pdf,2,4797,прочий_документ,=== Страница 1 ===
f377533197570c0ae9e188005a21df84.txt,f377533197570c0ae9e188005a21df84.pdf,21,55848,конкурсная_документация,=== Страница 1 ===
54w2egacukwpz7qy3n5gbo9e2w62ujza.txt,54w2egacukwpz7qy3n5gbo9e2w62ujza.pdf,26,79198,конкурсная_документация,=== Страница 1 ===
gk6wsflsno7xkvnynehy33ugy7n098ue.txt,gk6wsflsno7xkvnynehy33ugy7n098ue.pdf,28,83320,конкурсная_документация,=== Страница 1 ===
ygq0vpfg0s2a4lesoen7psqv8ucfm6oz.txt,ygq0vpfg0s2a4lesoen7psqv8ucfm6oz.pdf,35,101582,конкурсная_документация,=== Страница 1 ===
i20kn1isk0a0xgdq17yrjbna4530m45m.txt,i20kn1isk0a0xgdq17yrjbna4530m45m.pdf,45,101492,конкурсная_документация,=== Страница 1 ===
xuhyspd3j88tm3iuptcfd9r1t8lbmjwg.txt,xuhyspd3j88tm3iuptcfd9r1t8lbmjwg.pdf,25,72729,конкурсная_документация,=== Страница 1 ===
1v82r525fdxzxcg0cuu81h7zhgd182y5.txt,1v82r525fdxzxcg0cuu81h7zhgd182y5.pdf,38,93053,конкурсная_документация,=== Страница 1 ===
0408d91af185e03f6e5ec543762e42c2.txt,0408d91af185e03f6e5ec543762e42c2.pdf,19,41260,конкурсная_документация,=== Страница 1 ===
akqr5mchsm639t0fsix3hzhd9ruwwp9l.txt,akqr5mchsm639t0fsix3hzhd9ruwwp9l.pdf,39,101779,конкурсная_документация,=== Страница 1 ===
ade083468dbc49b78b9e5f93f377ac6f.txt,ade083468dbc49b78b9e5f93f377ac6f.pdf,33,80580,конкурсная_документация,=== Страница 1 ===
Phys-leader-jr-leaderpolozhenie.txt,Phys-leader-jr-leaderpolozhenie.pdf,17,39435,конкурсная_документация,=== Страница 1 ===
70ea4fad867c22b1a6d3e837d8bb3c6d.txt,70ea4fad867c22b1a6d3e837d8bb3c6d.pdf,31,75494,конкурсная_документация,=== Страница 1 ===
2a7hv2cs9k7rw9w3a3uay2cf2kcly3ge.txt,2a7hv2cs9k7rw9w3a3uay2cf2kcly3ge.pdf,25,64854,конкурсная_документация,=== Страница 1 ===
zfqtad44pa6suim659iw461f27i4681h.txt,zfqtad44pa6suim659iw461f27i4681h.pdf,123,320463,конкурсная_документация,=== Страница 1 ===
0ahxw6xesoo1k5la83g2e8htp1igd192.txt,0ahxw6xesoo1k5la83g2e8htp1igd192.pdf,27,81895,конкурсная_документация,=== Страница 1 ===
conversion_log.txt,conversion_log.pdf,1,49332,прочий_документ,УСПЕХ: /Users/macbook/PycharmProjects/PythonProject/grant_ai_assistant/data/raw_pdfs/54w2egacukwpz7qy3n5gbo9e2w62ujza.pdf -> /Users/macbook/PycharmProjects/PythonProject/grant_ai_assistant/data/proces
tyly7rv4h6ov9pm1hvcmifl1eosx8vua.txt,tyly7rv4h6ov9pm1hvcmifl1eosx8vua.pdf,137,368358,конкурсная_документация,=== Страница 1 ===
jxp4u2vvnudbcsncalywac4oy6bqd3x7.txt,jxp4u2vvnudbcsncalywac4oy6bqd3x7.pdf,32,100267,конкурсная_документация,=== Страница 1 ===
54misbe3adxql4k1h3vea4kq5zf1zb27.txt,54misbe3adxql4k1h3vea4kq5zf1zb27.pdf,21,61957,конкурсная_документация,=== Страница 1 ===
1u3ok9ockwwwqvwbsv9a0q8l98j2y8yu.txt,1u3ok9ockwwwqvwbsv9a0q8l98j2y8yu.pdf,85,219769,конкурсная_документация,=== Страница 1 ===
a75c02c1bb8a84d80e2bae6858e5ba32.txt,a75c02c1bb8a84d80e2bae6858e5ba32.pdf,32,80611,конкурсная_документация,=== Страница 1 ===
f881b102179d7aea6e1a3249b180891a.txt,f881b102179d7aea6e1a3249b180891a.pdf,13,68284,конкурсная_документация,=== Страница 1 ===
foxm94y3i0v4awhy1i33081scqkdtkw0.txt,foxm94y3i0v4awhy1i33081scqkdtkw0.pdf,30,92152,конкурсная_документация,=== Страница 1 ===
zz9wjzwynup1j12ujl4kr7j1x7bqj6yj.txt,zz9wjzwynup1j12ujl4kr7j1x7bqj6yj.pdf,23,69990,конкурсная_документация,=== Страница 1 ===
k5u4fu60sqkgdyh2bse0366cv5brmb14.txt,k5u4fu60sqkgdyh2bse0366cv5brmb14.pdf,29,95645,конкурсная_документация,=== Страница 1 ===
86efff892563954c7601c19ccf89d9eb.txt,86efff892563954c7601c19ccf89d9eb.pdf,17,44875,конкурсная_документация,=== Страница 1 ===
b6536a82b73eba755d3c9c7e0e56a7d5.txt,b6536a82b73eba755d3c9c7e0e56a7d5.pdf,18,44023,конкурсная_документация,=== Страница 1 ===
5ws4gzfs82rgpcy40468zj0dv36rtew5.txt,5ws4gzfs82rgpcy40468zj0dv36rtew5.pdf,33,82628,конкурсная_документация,=== Страница 1 ===
74e6rxeg7h35iy2h5btl0qm14thcz0rv.txt,74e6rxeg7h35iy2h5btl0qm14thcz0rv.pdf,56,169280,конкурсная_документация,=== Страница 1 ===
98sg7y1cszz7h2ahj7i5vv7ypfa3xs55.txt,98sg7y1cszz7h2ahj7i5vv7ypfa3xs55.pdf,78,192261,конкурсная_документация,=== Страница 1 ===
vihvlozhpedg3sl24qu1zx2so2ifcucy.txt,vihvlozhpedg3sl24qu1zx2so2ifcucy.pdf,100,256582,конкурсная_документация,=== Страница 1 ===
5hy4f9s9g6jer027q6qib29gnr8z3bnt.txt,5hy4f9s9g6jer027q6qib29gnr8z3bnt.pdf,28,84805,конкурсная_документация,=== Страница 1 ===
sgf2ri0vyuztifnbzgxqp6awwwb4hwat.txt,sgf2ri0vyuztifnbzgxqp6awwwb4hwat.pdf,28,86822,конкурсная_документация,=== Страница 1 ===
ecdpt6axejosfu4uq2scrbsokj1c243r.txt,ecdpt6axejosfu4uq2scrbsokj1c243r.pdf,31,83624,конкурсная_документация,=== Страница 1 ===
09wme031rc2wicoevcbwhq234fuumr9r.txt,09wme031rc2wicoevcbwhq234fuumr9r.pdf,22,63670,конкурсная_документация,=== Страница 1 ===
leaders-polozhenie-2019.txt,leaders-polozhenie-2019.pdf,15,35339,конкурсная_документация,=== Страница 1 ===
a49c6e2f3310169bd68ae3265f555252.txt,a49c6e2f3310169bd68ae3265f555252.pdf,23,60608,конкурсная_документация,=== Страница 1 ===
981d7538bd9738cf1f82dc857ef70215.txt,981d7538bd9738cf1f82dc857ef70215.pdf,27,69986,конкурсная_документация,=== Страница 1 ===
7266of0goov4ykrxy7lqzohsxsm9fvol.txt,7266of0goov4ykrxy7lqzohsxsm9fvol.pdf,30,96145,конкурсная_документация,=== Страница 1 ===
0l5a31u5omqszfxnplcm2658ov4chatn.txt,0l5a31u5omqszfxnplcm2658ov4chatn.pdf,33,88439,конкурсная_документация,=== Страница 1 ===
2763465745075a48a4c3c688a1543b0b.txt,2763465745075a48a4c3c688a1543b0b.pdf,20,59966,конкурсная_документация,=== Страница 1 ===
f985xk95uk352rnl7d2guv812ndifv14.txt,f985xk95uk352rnl7d2guv812ndifv14.pdf,24,73420,конкурсная_документация,=== Страница 1 ===
74b7294b83f59d834dc0436a00df587b.txt,74b7294b83f59d834dc0436a00df587b.pdf,20,52936,конкурсная_документация,=== Страница 1 ===
leaders-polozhenie-2018.txt,leaders-polozhenie-2018.pdf,14,31182,конкурсная_документация,=== Страница 1 ===
de9afbb3142587125cca5c45c85c7e82.txt,de9afbb3142587125cca5c45c85c7e82.pdf,28,76844,конкурсная_документация,=== Страница 1 ===
5asdbcqacxz0zpsy2s6qjtnz7wjkrgqi.txt,5asdbcqacxz0zpsy2s6qjtnz7wjkrgqi.pdf,23,70941,конкурсная_документация,=== Страница 1 ===
6b588aa921ec0008657cb728cfce508d.txt,6b588aa921ec0008657cb728cfce508d.pdf,21,57439,конкурсная_документация,=== Страница 1 ===
ea24f5242caaa34967bba196a4e13449.txt,ea24f5242caaa34967bba196a4e13449.pdf,33,85388,конкурсная_документация,=== Страница 1 ===
21724d081eb4889528d8f60528619cc1.txt,21724d081eb4889528d8f60528619cc1.pdf,22,65097,конкурсная_документация,=== Страница 1 ===
4a2be25626609e594edc147261ef747d.txt,4a2be25626609e594edc147261ef747d.pdf,21,60985,конкурсная_документация,=== Страница 1 ===
8awata3brinug7xljay7hvbejus0a2zz.txt,8awata3brinug7xljay7hvbejus0a2zz.pdf,23,66122,конкурсная_документация,=== Страница 1 ===
d7ozbtjnoszo0cjcdm1dt1ukfxubv4xs.txt,d7ozbtjnoszo0cjcdm1dt1ukfxubv4xs.pdf,24,69234,конкурсная_документация,=== Страница 1 ===
dafb54fa63526fda41dc1deb690dd84a.txt,dafb54fa63526fda41dc1deb690dd84a.pdf,32,76625,конкурсная_документация,=== Страница 1 ===
Положение о конкурсе 15012026 (4).txt,Положение о конкурсе 15012026 (4).pdf,21,41935,конкурсная_документация,=== Страница 1 ===
gevq95rnuk10flfi4akhca2hmk120jb2.txt,gevq95rnuk10flfi4akhca2hmk120jb2.pdf,130,332582,конкурсная_документация,=== Страница 1 ===
e0e793f2d674ff0a4ff7258d65d6d3eb.txt,e0e793f2d674ff0a4ff7258d65d6d3eb.pdf,22,53836,конкурсная_документация,=== Страница 1 ===
2tdyynxml8k4udjoyeo439iyuc5jneim.txt,2tdyynxml8k4udjoyeo439iyuc5jneim.pdf,101,228082,конкурсная_документация,=== Страница 1 ===
leader-polozhenie.txt,leader-polozhenie.pdf,14,25957,конкурсная_документация,=== Страница 1 ===
cpgz2j07avd690b8sv0s21rxpuypsq9t.txt,cpgz2j07avd690b8sv0s21rxpuypsq9t.pdf,38,105055,конкурсная_документация,=== Страница 1 ===
g130433gcgh4pmwuyy99k74f3n0u3088.txt,g130433gcgh4pmwuyy99k74f3n0u3088.pdf,30,93223,конкурсная_документация,=== Страница 1 ===
b039910323ead164759daa0e05ccafee.txt,b039910323ead164759daa0e05ccafee.pdf,27,73483,конкурсная_документация,=== Страница 1 ===
5fqhsxirzo8b3s7xsukssg8sbsz05b38.txt,5fqhsxirzo8b3s7xsukssg8sbsz05b38.pdf,113,227596,конкурсная_документация,=== Страница 1 ===
rrbz1wdgvoqk16c3qpailriwxdzv12ax.txt,rrbz1wdgvoqk16c3qpailriwxdzv12ax.pdf,25,73857,конкурсная_документация,=== Страница 1 ===
uj3iqyzj0lo97pukiu7w0wfo5i9039ad.txt,uj3iqyzj0lo97pukiu7w0wfo5i9039ad.pdf,34,87648,конкурсная_документация,=== Страница 1 ===
1e48gauast9od2dlz391rgff08macrpb.txt,1e48gauast9od2dlz391rgff08macrpb.pdf,23,66687,конкурсная_документация,=== Страница 1 ===
962ef831d13fbf5a11e3d20a08a6ac00.txt,962ef831d13fbf5a11e3d20a08a6ac00.pdf,18,50427,конкурсная_документация,=== Страница 1 ===
949xjkrum3gbt1yude4p9ejcfpxa1rvd.txt,949xjkrum3gbt1yude4p9ejcfpxa1rvd.pdf,65,168331,конкурсная_документация,=== Страница 1 ===
qeog2e9ji1pgoqf5jf3v2kk9w56tn53p.txt,qeog2e9ji1pgoqf5jf3v2kk9w56tn53p.pdf,54,139884,конкурсная_документация,=== Страница 1 ===
dafd705cd3a333282f163441d4c56d01.txt,dafd705cd3a333282f163441d4c56d01.pdf,20,49784,конкурсная_документация,=== Страница 1 ===
6slrognttgg8ll5xlr85xfu7z21mf41v.txt,6slrognttgg8ll5xlr85xfu7z21mf41v.pdf,26,76141,конкурсная_документация,=== Страница 1 ===
8c7c0c8a1d7088fce8e5b432af798a98.txt,8c7c0c8a1d7088fce8e5b432af798a98.pdf,19,43966,конкурсная_документация,=== Страница 1 ===
yq1jeheer7g1g37v5ow6g0gvblglzgta.txt,yq1jeheer7g1g37v5ow6g0gvblglzgta.pdf,25,56672,конкурсная_документация,=== Страница 1 ===
kni7rqltbbpnl9sqneukswr0c6fhx83r.txt,kni7rqltbbpnl9sqneukswr0c6fhx83r.pdf,59,154883,конкурсная_документация,=== Страница 1 ===
a7b38318f891384ca9aaf7d0cccf6cd1.txt,a7b38318f891384ca9aaf7d0cccf6cd1.pdf,22,58472,конкурсная_документация,=== Страница 1 ===
r44wr4fgjqlim41ixq311xl8l47m7agg.txt,r44wr4fgjqlim41ixq311xl8l47m7agg.pdf,36,94542,конкурсная_документация,=== Страница 1 ===
mbr06upj3ymxkolybuk61tu4gxccdt5u.txt,mbr06upj3ymxkolybuk61tu4gxccdt5u.pdf,28,79110,конкурсная_документация,=== Страница 1 ===
25a78a3f78db88205e442ac69fa3313c.txt,25a78a3f78db88205e442ac69fa3313c.pdf,18,42108,конкурсная_документация,=== Страница 1 ===
22922c914a6d412443e8f788bd535cb0.txt,22922c914a6d412443e8f788bd535cb0.pdf,18,43074,конкурсная_документация,=== Страница 1 ===
beqbof6kuf3sew6fxj7i43rps3e20w5e.txt,beqbof6kuf3sew6fxj7i43rps3e20w5e.pdf,99,250951,конкурсная_документация,=== Страница 1 ===
g9zz5af23g84q7zltaxfw38nafqfhq7e.txt,g9zz5af23g84q7zltaxfw38nafqfhq7e.pdf,34,88008,конкурсная_документация,=== Страница 1 ===
5ba1za59q8nuwreoxa3nbf4yh8v0lnm4.txt,5ba1za59q8nuwreoxa3nbf4yh8v0lnm4.pdf,27,79519,конкурсная_документация,=== Страница 1 ===
0kpdogb8f2h8m3lnsk4f71lecw7swlxb.txt,0kpdogb8f2h8m3lnsk4f71lecw7swlxb.pdf,33,89242,конкурсная_документация,=== Страница 1 ===
w7p24920y0sh3xjvpqoberrdsq0qw17z.txt,w7p24920y0sh3xjvpqoberrdsq0qw17z.pdf,157,338346,конкурсная_документация,=== Страница 1 ===
0rgd1myftqp3qkct0zdl6nbq4pi692cd.txt,0rgd1myftqp3qkct0zdl6nbq4pi692cd.pdf,20,57383,конкурсная_документация,=== Страница 1 ===
e9402c8e9317ba221f5ec11f37df2389.txt,e9402c8e9317ba221f5ec11f37df2389.pdf,28,74329,конкурсная_документация,=== Страница 1 ===
ee4ybwk1274zwv1hor2f7vbtwl3v4uam.txt,ee4ybwk1274zwv1hor2f7vbtwl3v4uam.pdf,107,197526,конкурсная_документация,=== Страница 1 ===
7zol01t00ptf20uqd97qpyiexumo31vh.txt,7zol01t00ptf20uqd97qpyiexumo31vh.pdf,27,79566,конкурсная_документация,=== Страница 1 ===
422fad64ba5cf52e5bc286471fe8dd9e.txt,422fad64ba5cf52e5bc286471fe8dd9e.pdf,27,68495,конкурсная_документация,=== Страница 1 ===
t6qzi8nmuujusfcbx6aihc6nq8sq87be.txt,t6qzi8nmuujusfcbx6aihc6nq8sq87be.pdf,87,228656,конкурсная_документация,=== Страница 1 ===
92a4f3da9ab8717c6a69cde0bd6ddef2.txt,92a4f3da9ab8717c6a69cde0bd6ddef2.pdf,2,5127,прочий_документ,=== Страница 1 ===
1m7th3hn0t4cwxtypzfz5c5nngcxzybf.txt,1m7th3hn0t4cwxtypzfz5c5nngcxzybf.pdf,26,77696,конкурсная_документация,=== Страница 1 ===
66bc58556eb04820a2d0bad2c1c071d9.txt,66bc58556eb04820a2d0bad2c1c071d9.pdf,15,32570,конкурсная_документация,=== Страница 1 ===
zgm68cevv2gra8stv2ff5anzawjc3gt1.txt,zgm68cevv2gra8stv2ff5anzawjc3gt1.pdf,64,159902,конкурсная_документация,=== Страница 1 ===
cslte6r4x5jte9dpmy5oe270ghgnh9mr.txt,cslte6r4x5jte9dpmy5oe270ghgnh9mr.pdf,154,407202,конкурсная_документация,=== Страница 1 ===
r24ebl0sg2ve2n5ygvr3jqxzjo7dd50d.txt,r24ebl0sg2ve2n5ygvr3jqxzjo7dd50d.pdf,122,328427,конкурсная_документация,=== Страница 1 ===
2w2hqgb0hwi7i1ker7gnwahfkf7zzme0.txt,2w2hqgb0hwi7i1ker7gnwahfkf7zzme0.pdf,57,168924,конкурсная_документация,=== Страница 1 ===
a073c58f664baab720e15596ba228ba9.txt,a073c58f664baab720e15596ba228ba9.pdf,17,42669,конкурсная_документация,=== Страница 1 ===
e14343dfb54be4ea6204f550e0cbb8cf.txt,e14343dfb54be4ea6204f550e0cbb8cf.pdf,34,78614,конкурсная_документация,=== Страница 1 ===
edvr4ufwv5zh72zrpiplz60e2rtwethf.txt,edvr4ufwv5zh72zrpiplz60e2rtwethf.pdf,29,78959,конкурсная_документация,=== Страница 1 ===
24fbfc42228dcdfb84b1e750be3ff934.txt,24fbfc42228dcdfb84b1e750be3ff934.pdf,19,50992,конкурсная_документация,=== Страница 1 ===
vwflrjkk179osvorjaz9l7vtsoiq6465.txt,vwflrjkk179osvorjaz9l7vtsoiq6465.pdf,41,128075,конкурсная_документация,=== Страница 1 ===
Объявление 15012026 (1).txt,Объявление 15012026 (1).pdf,4,9855,конкурсная_документация,=== Страница 1 ===
eq7je08td444ator1uh0lsq14c56rgkc.txt,eq7je08td444ator1uh0lsq14c56rgkc.pdf,21,56627,конкурсная_документация,=== Страница 1 ===
gum3lyvqplkytum5nid4u2bkpwraqw3f.txt,gum3lyvqplkytum5nid4u2bkpwraqw3f.pdf,32,82709,конкурсная_документация,=== Страница 1 ===
36705bc4104fd791ecb708dfb8bad72b.txt,36705bc4104fd791ecb708dfb8bad72b.pdf,23,62476,конкурсная_документация,=== Страница 1 ===
4b35db28dbdd257b85fe363513e85ea0.txt,4b35db28dbdd257b85fe363513e85ea0.pdf,31,77925,конкурсная_документация,=== Страница 1 ===
cc32473956d784ab459f0eb4601acc00.txt,cc32473956d784ab459f0eb4601acc00.pdf,27,71672,конкурсная_документация,=== Страница 1 ===
rg7sadp8atepv1wpykr9jac9d90jrde1.txt,rg7sadp8atepv1wpykr9jac9d90jrde1.pdf,65,188482,конкурсная_документация,=== Страница 1 ===
0ecb882e0f4098bc6d315ecd06c2d190.txt,0ecb882e0f4098bc6d315ecd06c2d190.pdf,24,63335,конкурсная_документация,=== Страница 1 ===
pf593qrm326yqvbcxrcq43ope30rt0x1.txt,pf593qrm326yqvbcxrcq43ope30rt0x1.pdf,55,154684,конкурсная_документация,=== Страница 1 ===
Положение о конкурсе 15012026 (3).txt,Положение о конкурсе 15012026 (3).pdf,21,41935,конкурсная_документация,=== Страница 1 ===
roobwviv105zmd68ojee7b07u3wsg0un.txt,roobwviv105zmd68ojee7b07u3wsg0un.pdf,30,92053,конкурсная_документация,=== Страница 1 ===
491b39573d10c423f27377266a1c3fca.txt,491b39573d10c423f27377266a1c3fca.pdf,32,75484,конкурсная_документация,=== Страница 1 ===
iopdyeew1q11wc73h2uto2wcvtlpwpzf.txt,iopdyeew1q11wc73h2uto2wcvtlpwpzf.pdf,66,159538,конкурсная_документация,=== Страница 1 ===
c9603429e84851b1ee661634d021910b.txt,c9603429e84851b1ee661634d021910b.pdf,19,44202,конкурсная_документация,=== Страница 1 ===
8d31a23b3096147d745422f49a32aab0.txt,8d31a23b3096147d745422f49a32aab0.pdf,21,54095,конкурсная_документация,=== Страница 1 ===
oovx4p0itxq9918i87wz1d442htu80nv.txt,oovx4p0itxq9918i87wz1d442htu80nv.pdf,22,65105,конкурсная_документация,=== Страница 1 ===
5ziccyniiqmdsxz2e0v4nkhz33a19tfj.txt,5ziccyniiqmdsxz2e0v4nkhz33a19tfj.pdf,38,102032,конкурсная_документация,=== Страница 1 ===
4281ee08c76535e86b696f1d1575d8da.txt,4281ee08c76535e86b696f1d1575d8da.pdf,33,80407,конкурсная_документация,=== Страница 1 ===
3mnb0fhfcw3c45vdowmbkm03su3pxrzw.txt,3mnb0fhfcw3c45vdowmbkm03su3pxrzw.pdf,26,58496,конкурсная_документация,=== Страница 1 ===
z24nmbiluzwg4sitc3381f2pjvxmf7me.txt,z24nmbiluzwg4sitc3381f2pjvxmf7me.pdf,38,91983,конкурсная_документация,=== Страница 1 ===
